LowerFolio, Euchologion
urn:cite:fuhc:pal.1r, urn:cite:fuhc:euch.27r
urn:cite:fuhc:pal.1r, urn:cite:fuhc:euch.22v
urn:cite:fuhc:pal.1v, urn:cite:fuhc:euch.27v
urn:cite:fuhc:pal.1v, urn:cite:fuhc:euch.22r
urn:cite:fuhc:pal.2r, urn:cite:fuhc:euch.14r
urn:cite:fuhc:pal.2r, urn:cite:fuhc:euch.19v
urn:cite:fuhc:pal.2v, urn:cite:fuhc:euch.14v
urn:cite:fuhc:pal.2v, urn:cite:fuhc:euch.19r
urn:cite:fuhc:pal.3r, urn:cite:fuhc:euch.81r
urn:cite:fuhc:pal.3r, urn:cite:fuhc:euch.88v
urn:cite:fuhc:pal.3v, urn:cite:fuhc:euch.81v
urn:cite:fuhc:pal.3v, urn:cite:fuhc:euch.88r
urn:cite:fuhc:pal.4r, urn:cite:fuhc:euch.56r
urn:cite:fuhc:pal.4r, urn:cite:fuhc:euch.49v
urn:cite:fuhc:pal.4v, urn:cite:fuhc:euch.56v
urn:cite:fuhc:pal.4v, urn:cite:fuhc:euch.49r
urn:cite:fuhc:pal.5r, urn:cite:fuhc:euch.55r
urn:cite:fuhc:pal.5r, urn:cite:fuhc:euch.50v
urn:cite:fuhc:pal.5v, urn:cite:fuhc:euch.55v
urn:cite:fuhc:pal.5v, urn:cite:fuhc:euch.50r
urn:cite:fuhc:pal.6r, urn:cite:fuhc:euch.82r
urn:cite:fuhc:pal.6r, urn:cite:fuhc:euch.87v
urn:cite:fuhc:pal.6v, urn:cite:fuhc:euch.82v
urn:cite:fuhc:pal.6v, urn:cite:fuhc:euch.87r
urn:cite:fuhc:pal.7r, urn:cite:fuhc:euch.17r
urn:cite:fuhc:pal.7r, urn:cite:fuhc:euch.16v
urn:cite:fuhc:pal.7v, urn:cite:fuhc:euch.17v
urn:cite:fuhc:pal.7v, urn:cite:fuhc:euch.16r
urn:cite:fuhc:pal.8r, urn:cite:fuhc:euch.28r
urn:cite:fuhc:pal.8r, urn:cite:fuhc:euch.21v
urn:cite:fuhc:pal.8v, urn:cite:fuhc:euch.28v
urn:cite:fuhc:pal.8v, urn:cite:fuhc:euch.21r
urn:cite:fuhc:pal.9r, urn:cite:fuhc:euch.69r
urn:cite:fuhc:pal.9r, urn:cite:fuhc:euch.68v
urn:cite:fuhc:pal.9v, urn:cite:fuhc:euch.69v
urn:cite:fuhc:pal.9v, urn:cite:fuhc:euch.68r
urn:cite:fuhc:pal.10r, urn:cite:fuhc:euch.128r
urn:cite:fuhc:pal.10r, urn:cite:fuhc:euch.129v
urn:cite:fuhc:pal.10v, urn:cite:fuhc:euch.128v
urn:cite:fuhc:pal.10v, urn:cite:fuhc:euch.129r
urn:cite:fuhc:pal.11r, urn:cite:fuhc:euch.127r
urn:cite:fuhc:pal.11r, urn:cite:fuhc:euch.130v
urn:cite:fuhc:pal.11v, urn:cite:fuhc:euch.127v
urn:cite:fuhc:pal.11v, urn:cite:fuhc:euch.130r
urn:cite:fuhc:pal.12r, urn:cite:fuhc:euch.70r
urn:cite:fuhc:pal.12r, urn:cite:fuhc:euch.67v
urn:cite:fuhc:pal.12v, urn:cite:fuhc:euch.70v
urn:cite:fuhc:pal.12v, urn:cite:fuhc:euch.67r
urn:cite:fuhc:pal.13r, urn:cite:fuhc:euch.2r
urn:cite:fuhc:pal.13r, urn:cite:fuhc:euch.1v
urn:cite:fuhc:pal.13v, urn:cite:fuhc:euch.2v
urn:cite:fuhc:pal.13v, urn:cite:fuhc:euch.1r
urn:cite:fuhc:pal.14r, urn:cite:fuhc:euch.169r
urn:cite:fuhc:pal.14r, urn:cite:fuhc:euch.164v
urn:cite:fuhc:pal.14v, urn:cite:fuhc:euch.169v
urn:cite:fuhc:pal.14v, urn:cite:fuhc:euch.164r
urn:cite:fuhc:pal.15r, urn:cite:fuhc:euch.46r
urn:cite:fuhc:pal.15r, urn:cite:fuhc:euch.43v
urn:cite:fuhc:pal.15v, urn:cite:fuhc:euch.46v
urn:cite:fuhc:pal.15v, urn:cite:fuhc:euch.43r
urn:cite:fuhc:pal.16r, urn:cite:fuhc:euch.57r
urn:cite:fuhc:pal.16r, urn:cite:fuhc:euch.64v
urn:cite:fuhc:pal.16v, urn:cite:fuhc:euch.57v
urn:cite:fuhc:pal.16v, urn:cite:fuhc:euch.64r
urn:cite:fuhc:pal.17r, urn:cite:fuhc:euch.66r
urn:cite:fuhc:pal.17r, urn:cite:fuhc:euch.71v
urn:cite:fuhc:pal.17v, urn:cite:fuhc:euch.66v
urn:cite:fuhc:pal.17v, urn:cite:fuhc:euch.71r
urn:cite:fuhc:pal.18r, urn:cite:fuhc:euch.65r
urn:cite:fuhc:pal.18r, urn:cite:fuhc:euch.72v
urn:cite:fuhc:pal.18v, urn:cite:fuhc:euch.65v
urn:cite:fuhc:pal.18v, urn:cite:fuhc:euch.72r
urn:cite:fuhc:pal.19r, urn:cite:fuhc:euch.58r
urn:cite:fuhc:pal.19r, urn:cite:fuhc:euch.63v
urn:cite:fuhc:pal.19v, urn:cite:fuhc:euch.58v
urn:cite:fuhc:pal.19v, urn:cite:fuhc:euch.63r
urn:cite:fuhc:pal.20r, urn:cite:fuhc:euch.45r
urn:cite:fuhc:pal.20r, urn:cite:fuhc:euch.44v
urn:cite:fuhc:pal.20v, urn:cite:fuhc:euch.45v
urn:cite:fuhc:pal.20v, urn:cite:fuhc:euch.44r
urn:cite:fuhc:pal.21r, urn:cite:fuhc:euch.170r
urn:cite:fuhc:pal.21r, urn:cite:fuhc:euch.163v
urn:cite:fuhc:pal.21v, urn:cite:fuhc:euch.170v
urn:cite:fuhc:pal.21v, urn:cite:fuhc:euch.163r
urn:cite:fuhc:pal.22r, urn:cite:fuhc:euch.157r
urn:cite:fuhc:pal.22r, urn:cite:fuhc:euch.160v
urn:cite:fuhc:pal.22v, urn:cite:fuhc:euch.157v
urn:cite:fuhc:pal.22v, urn:cite:fuhc:euch.160r
urn:cite:fuhc:pal.23r, urn:cite:fuhc:euch.104v
urn:cite:fuhc:pal.23v, urn:cite:fuhc:euch.104r
urn:cite:fuhc:pal.24r. urn:cite:fuhc:euch.166r
urn:cite:fuhc:pal.24r, urn:cite:fuhc:euch.167v
urn:cite:fuhc:pal.24v, urn:cite:fuhc:euch.166v
urn:cite:fuhc:pal.24v, urn:cite:fuhc:euch.167r
urn:cite:fuhc:pal.25r, urn:cite:fuhc:euch.48r
urn:cite:fuhc:pal.25r, urn:cite:fuhc:euch.41v
urn:cite:fuhc:pal.25v, urn:cite:fuhc:euch.48v
urn:cite:fuhc:pal.25v, urn:cite:fuhc:euch.41r